anger,calm,confusion,disgust,fear,happiness,sadness,surprise
acerb,abide,absentminde,abhor,affright,affection,abandon,aah
acerbic,amiable,absurd,abhorrence,afraid,amuse,abandonment,aflutter
acerbity,aplomb,absurdity,abhorrent,aghast,amusing,ache,ah
acrid,asleep,addle,abhorringly,alarm,banter,afflict,aha
acrimonious,assuage,baffle,abominable,alarum,beam,affliction,ahha
acrimony,assuasive,bafflement,abominably,alert,bewitch,anguish,amaze
affront,assure,bamboozle,abominate,angst,bliss,barren,amazed
aggravate,assuredness,becloud,abomination,anxiety,blissful,bemoan,amazedly
aggravation,assuringly,befog,antipathy,anxious,blissfulness,bereave,amazement
aggravator,ataraxis,befuddle,appallingly,anxiousness,blithe,bereavement,amazing
agitation,balance,befuddlement,ashame,appal,bloom,bereft,amazingness
anger,balanced,bemuse,ashamedly,appall,blossom,bleak,astonie
angriness,balmy,bemusement,atrocious,apprehension,bouncy,bleakness,astonish
angry,becalm,bewilder,atrociously,apprehensive,bright,blue,astonishing
animosity,benign,bewilderedness,aversion,apprehensiveness,brighten,bluehearted,astonishingly
animus,bland,bewilderment,avert,caution,brightly,blueish,astonishment
annoy,blandly,blur,awful,cautious,brightness,brokenheart,astound
annoyance,bore,blurry,awfully,cautiousness,carefree,brokenhearte,awe
annoyed,breezily,bobble,awfulness,concern,celebrate,brokenheartedness,aweinspire
annoying,breezy,boggle,awkward,cowardly,celebration,castaway,awesome
antagonism,calm,bumble,awkwardly,cower,celebratory,chagrin,awestriking
antagonistic,calmative,bumfuzzle,badtaste,creep,charm,cheerless,awestruck
antagonize,calmly,bumpkin,barf,creepy,cheer,comfortless,bedaze
badtemper,calmness,chaos,belch,daunt,cheerful,crestfallen,bedazzle
bellow,care,chaotic,blech,diffident,cheerfulness,crush,bewilderingly
bickering,careful,cloudy,blight,dire,cheerily,cry,bizarre
bilious,clarity,clutter,clammy,direful,cheeriness,dark,breakthrough
biliousness,clearhead,cluttered,cloy,disconcert,cheery,darken,breathtake
bite,clearly,complex,contempt,dismay,chipper,defeat,brilliant
bitter,clearness,complexity,cringe,disquiet,chirp,deject,consternation
bitterly,comfort,complicate,cringy,disquietude,chirpy,dejectedly,curiosity
bitterness,comfortable,confound,crummy,distrust,chuckle,dejection,curious
blame,comfortably,confoundedness,defile,doubt,comic,demoralisation,dazzle
blister,comfy,confounder,degrade,doubtfulness,comical,demoralise,disbelief
bluster,compose,confoundment,degradingly,dread,dance,demoralization,disbelieve
bother,composure,confuse,denounce,dreadful,delectation,demoralize,discover
botheration,contentedly,confusedness,deplorable,dubiousness,delicious,depress,discoverer
browbeat,contentment,confusement,deplorably,edginess,delight,depressed,dumbfound
cantankerous,cool,confusion,desecrate,fainthearte,delightedly,depression,earthshattering
caustic,coolheade,confusionary,despicable,fainthearted,delightful,desolate,enchantment
censure,coolness,confuzzle,despicably,fear,delightfully,desolation,enlighten
chafe,cordial,conundrum,despise,fearful,delightfulness,despair,epiphany
chastise,cozily,daze,deterrent,fearfulness,ecstasy,desperate,exceptional
chide,cozy,disarray,detest,fearsome,ecstatic,desperation,excitement
choler,cuddle,disarrayment,detestable,feeble,effervescent,despondance,exciting
choleric,cushion,discombobulate,detestation,feebly,elate,despondency,exclamation
clash,cushy,discombobulation,dirty,flee,elated,despondent,expose
crabbiness,dawdle,disconnect,disagreeable,flighty,elation,devastate,extraordinarily
crabby,dawdling,disguide,disapproval,forebode,enchant,devastation,extraordinary
cranky,daydream,disjoint,disdain,foreboding,enjoy,dim,eyeopener
crossly,decelerate,disorder,disdainful,forewarn,enjoyable,dingy,eyeopening
crossness,decent,disorganisation,disfavorable,frantic,enjoyment,disaffect,fascinate
curse,diligent,disorganise,disfavourable,fret,enrapture,disaffection,fascinating
cynicism,docile,disorganization,disfigure,fretful,enthral,disappoint,fascination
demente,dreamy,disorganize,disgraceful,fright,enthrall,disappointment,fathomless
dementedly,drowsy,disorient,disgust,frighten,entrance,discomforte,flabbergast
devil,dull,disorientation,dishevel,frightening,eudaemonia,disconsolate,galvanise
devilish,dumb,distort,dishonor,frightful,eudaimonia,discontent,galvanize
diabolical,ease,distortion,dishonour,frisson,euphoria,discourage,gape
discord,easy,distract,displease,gasp,euphory,dishearten,gawk
disgruntle,easygoing,distraction,displeasure,ghastly,exalt,disheartenment,goggle
dour,emollient,distrait,disreputable,goosebump,excite,disillusion,grasp
dudgeon,equable,dizzy,distaste,guilt,exhilarate,dismal,groundbreake
enmity,equably,enigma,distasteful,guiltily,exhilaration,dismalness,headspin
enrage,equanimity,entangle,distastefully,guiltiness,exuberance,disparage,headturn
enragement,equanimous,esoteric,distastefulness,guilty,exuberant,disparity,impress
envy,equipoise,fiddly,disturb,harrow,exult,dispirit,impressive
erinyes,eventemper,flummery,disturbingly,haunt,exultant,dispiritedly,incredible
eumenide,forbearance,flummox,evil,heebiejeebie,exultation,dissatisfaction,incredulous
exasperate,gentle,flummoxed,ew,hesitant,exultingly,dissatisfy,inexplicable
feisty,gentlehearted,flurry,eww,horrendous,fantastic,distress,inspiration
ferocious,gentlemanly,fluster,execrable,horrendously,felicitous,distressed,jawdrop
ferocity,gentleness,fog,execrate,horrible,felicity,doleful,jawdropping
feud,gently,fogged,execration,horribleness,festal,dolefully,jawdroppingly
fierce,gliding,foggy,filthy,horribly,festive,dolefulness,jolt
fiery,goodnatured,fuddle,foul,horrid,festivity,downbeat,jounce
fight,goodtemper,fuddyduddy,foulness,horridly,flourish,downcast,magic
fracas,graze,fuzz,foulsmell,horridness,fondness,downcaste,magical
frustrate,halcyon,fuzze,freak,horrific,friendship,downer,magically
frustration,happygolucky,fuzziness,freakish,horrify,frolic,downhearte,marvel
fume,harmonious,fuzzle,freakout,horrifyingly,frolicsome,downheartedness,marvelous
furious,harmonize,fuzzy,freaky,horror,frollick,downinthedump,mesmerize
furiousness,homely,fuzzyhead,gag,horrorstrike,fun,downtrodden,mindblow
furor,hush,fuzzyminded,gory,illomen,funny,drab,mindboggle
furore,judicious,garble,grimace,inquietude,gaiety,drear,miracle
fury,judiciously,groggy,grime,insecure,gambol,dreariness,miraculous
glower,kindhearted,halfbaked,griminess,insecurity,gayly,dreary,mysterious
grouch,kindly,haphazard,grimy,intimidate,giddy,dysphoria,mystery
grouchy,lackadaisical,haphazardly,grisly,invasion,giggle,dysphoric,newfangle
growl,ladylike,haphazardness,gross,jitter,giggly,emptiness,newfound
grudge,laissezfaire,haze,grossness,jittery,glad,empty,newness
grudgeful,languid,haziness,grotesque,jumpy,gladden,fade,noteworthy
grumble,lazy,hazy,grotesquely,leery,gladly,forlorn,novelty
grumpiness,legato,higgledy,gruesome,macabre,gladness,forlornness,offbeat
grumpy,lighthearte,hodgepodge,gruesomely,malaise,gleam,forsake,ooh
harsh,lighthearted,imbroglio,gruesomeness,menace,gleamingly,frown,oops
hate,lightheartedly,incoherent,hideous,mistrust,glee,frowny,outlandish
hateful,lightly,inscrutable,hideously,mistrustful,gleefill,funereal,outoftheblue
hatefulness,longanimity,jabber,ick,nervous,gleeful,gladless,outrageous
hatre,lowkey,jigsaw,ickiness,nervousness,gleefully,gloom,peculiar
heat,lull,jumble,icky,nervy,gleefulness,gloome,peculiarity
hector,lullaby,jumbleup,ickyfeeling,ominous,glitter,gloomful,revelation
hiss,meditative,kerfuffle,ill,oppressive,gloat,gloominess,revelatory
hissy,meek,knot,illfeeling,otherworldly,gloating,gloomy,sensational
hissyfit,mellow,knotty,improper,overwrought,grateful,glowless,shock
hostile,melodic,kooky,improperly,panic,gratify,glum,shocking
hostility,mild,lostness,loathe,panicky,grin,glumly,shockingly
hothead,mildly,maze,loathingness,panicstricken,gusto,glumness,shockingness
hotheade,mildmannered,mess,loathsome,panicstrike,happiness,gray,shockwave
hottemper,mindful,messiness,malodorous,paranoid,happy,grey,spectacle
huff,moderately,messy,morbid,petrify,heartfelt,grief,spectacular
huffiness,modest,mindbend,mucky,quake,heartwarming,griefe,spellbind
huffy,nerveless,misdirection,nasty,quiver,hearty,griefstricken,spellbound
incense,neutral,misguide,nausea,rattle,highfive,grieve,stagger
incitement,nice,mishmash,nauseate,scare,hilarious,grievous,staggering
indignant,noiseless,mislead,nauseous,scary,hilarity,grievousness,startle
indignation,nonchalant,misunderstand,noisome,scourge,humor,grim,startlement
inflame,nonchalantly,misunderstood,obnoxious,scream,jaunty,heartache,stun
infuriate,normal,mixup,obscene,shaky,jocund,heartbreak,stunner
irascible,nurture,mizmaze,odious,shriek,joke,heartbroken,stunning
irate,ordinary,muddle,odium,shudder,jokey,heartbrokenly,stupefy
ire,pacification,muddledness,odorous,shy,jollity,heartrende,stupendous
ireful,patience,muddlehead,offend,skittish,jolly,heartsick,stupor
irk,patiently,muddleheade,offensive,spook,jovial,heartsore,sudden
irksome,peace,muddleheadedness,offput,spookiness,joviality,heavyhearte,suddenly
irritability,peaceable,muddleup,pallid,spooky,joy,heavyhearted,suddenness
irritable,peaceably,muddy,profane,squeamish,joyful,heavyheartedly,surprisal
irritably,peaceful,muzzy,puke,stress,joyfulness,hollow,surprise
irritancy,peacefully,mystification,pungent,suspect,joyous,hopeless,surprised
irritate,peacefulness,mystify,purge,suspense,joyousness,hopelessness,surprising
irritated,peaceofmind,mystique,putrid,suspenseful,joyride,hurt,thunderstruck
irritation,placate,nonplus,queasy,suspicion,jubilance,hurtful,traumatise
livid,placid,obfuscate,rape,suspicious,jubilancy,lament,traumatize
mad,placidity,obfuscation,regurgitate,suspiciousness,jubilant,lamentable,unanticipate
madcap,placidly,obnubilate,repel,terrify,jubilantly,lamentation,unbelievable
madden,placidness,obscure,repellant,terror,jubilate,lifeless,unearth
madness,pleasant,offkilter,repellent,terrorize,jubilating,loneliness,unexpected
miff,poise,overwhelm,reprehensible,threat,jubilation,lonely,unexpectedly
mood,politic,perplex,reprobate,threaten,laugh,lonesome,unexpectedness
moody,pure,perplexed,repudiate,thrill,laughter,longing,unfathomable
morose,quiet,perplexity,repugnable,thriller,lively,lose,unforeseen
mutter,quieten,puzzle,repugnance,thrillness,lovely,loss,unimaginable
nettle,quietness,puzzlehead,repugnant,timid,merry,lowly,unmask
nettlesome,quietude,puzzlement,repugnantly,timidly,merrygoround,lowspirited,unpredictable
offense,reassurance,quagmire,repulse,timorous,merrymake,lugubriousness,unthinkable
outburst,reassure,quandary,repulsion,torture,mirth,melancholic,unveil
outrage,refresh,quizzical,repulsive,trap,mirthful,melancholy,whirling
outraged,relax,riddle,repulsively,tremble,mirthfulness,miserable,wonder
peeve,relaxation,scatter,repulsiveness,tremor,optimism,miserableness,wonderful
peevish,relaxedly,scatterbrain,retch,tremulous,overjoy,misery,wonderment
peevishness,repose,scatterbraine,revile,trepidation,playful,mope,wonderous
perturb,reposeful,scatteredness,revolt,trouble,playfulness,mourn,wonderstruck
pester,reposefully,scattershot,revulsion,unease,pleasurable,mournful,wondrous
pettish,respite,scramble,rotten,uneasiness,pleasure,mournfully,wow
pettishness,restful,shambly,scandalise,uneasy,pollyannaish,mournfulness,wowfactor
petulant,restfully,shambolic,scandalize,unquiet,radiance,outcast,zinger
pique,restraint,shroud,scandalous,unsettle,radiant,pain,
piss,safe,skew,scorn,unsettling,radiate,painful,
pout,sanguine,sprawl,scruffy,unsure,rapt,pessimistic,
pouty,sedate,strange,scummy,untruste,rapturous,pine,
provocation,selfcontrol,stuporous,seedy,vulnerable,rejoice,pitiful,
provok,sensible,tangle,shame,wary,revel,plaintive,
quarrel,sensibly,tangleup,shameful,whimper,revelry,poignance,
quibble,serene,topsyturvy,sick,wince,reward,poignancy,
rage,serenely,trick,sicken,worriedness,risible,poignant,
rageful,serenity,trickery,sickeningly,worrisome,rosy,regret,
rampage,silence,tricky,sickish,worry,satisfaction,regretful,
rancor,simple,turbidity,sickliness,yike,satisfy,remorseful,
rancorous,slack,turmoil,sickly,zombie,savor,rue,
rancour,slacken,twisted,sicko,,shimmer,rueful,
rankle,sleep,uncertain,skanky,,shine,ruefulness,
rant,sleepy,uncertaine,slimy,,silliness,sad,
redden,slow,uncertainty,sloppy,,silly,sadden,
resent,slowdown,unclear,sludge,,smile,sadder,
resentful,slowly,unconnected,smelly,,smiley,sadeyed,
resentfully,slowpace,uncoordinate,smudge,,smirk,sadfaced,
resentfulness,sluggish,unknow,sneer,,snicker,sadly,
resentment,sluggishly,unknown,snotty,,sparkle,sadness,
rile,slumber,unsorted,sordid,,sparkly,sadnessful,
roar,slumberingly,vague,spew,,splendid,shadow,
roil,smooth,vagueness,spoil,,sprightly,shatter,
ruffle,smoothen,veil,spue,,sunny,sigh,
sass,smoother,wander,squalid,,sweet,somber,
scold,smoothly,whirl,squeal,,sweetheart,somberly,
scornful,smoothness,whirlwind,squirm,,thankful,somberness,
scowl,snug,woollyhead,stinky,,tickle,sombre,
seethe,snuggle,wooly,taint,,ticklish,sorrow,
shorttemper,sober,woolyminded,terrible,,triumph,sorrowfill,
shout,soft,,ugliness,,triumphal,sorrowful,
simmer,soften,,ugly,,triumphant,sorrowfully,
smite,softhearted,,unappealing,,upbeat,sorrowfulness,
smolder,softly,,unappetizing,,uplift,sorry,
snappy,softness,,unattractive,,uplifted,stricken,
snarl,solace,,unclean,,upliftment,suffer,
snit,solitude,,unfair,,vivacious,tear,
sorehead,soothe,,unhygienic,,vivacity,teardrop,
sour,sootheful,,unkempt,,warmth,tearful,
sourpuss,soother,,unpalatable,,yummy,tearjerker,
spit,soothingly,,unpleasant,,zippity,tearstain,
spite,soothingness,,unpleasantly,,zippy,teary,
spiteful,stabilize,,unpleasantness,,,tired,
spurn,stable,,unsavory,,,torment,
squabble,steady,,unseemly,,,tragedy,
squawk,steadygoe,,unsightly,,,tragic,
sting,stillness,,unwanted,,,trauma,
storminess,subdue,,unwelcome,,,triste,
stormy,tame,,upchuck,,,tristful,
strife,tenderly,,vile,,,unbright,
sulfurous,therapeutic,,vilely,,,uncheerful,
sulk,thinkless,,violate,,,uncheerfully,
sulkiness,tranquil,,vomit,,,underprivileged,
sullen,tranquility,,whiffy,,,unfortunate,
sulphurous,tranquilize,,yuck,,,unfortunately,
surliness,tranquilizer,,yuckiness,,,unhappily,
surly,tranquilizing,,yucky,,,unhappiness,
tantrum,tranquillise,,,,,unhappy,
tartness,tranquillity,,,,,unjoyful,
temp,tranquillize,,,,,unjoyfully,
temper,tranquilly,,,,,unlove,
tempestuous,tranquilness,,,,,unlovingly,
testiness,truce,,,,,unluckily,
testy,unagitate,,,,,unlucky,
tetchy,unbothered,,,,,unsmile,
thorniness,uncloude,,,,,unsmilingly,
tiff,uncomplicated,,,,,unwelcomingly,
tirade,unconcerned,,,,,unwell,
touchiness,undemande,,,,,wail,
touchy,undisturbed,,,,,wearily,
turbulent,unexcitable,,,,,wearisome,
umbrage,unexcite,,,,,weary,
upset,unfaze,,,,,weeping,
uptight,unfettered,,,,,weepy,
vex,unflustered,,,,,wist,
vexation,unharmed,,,,,wistful,
vexedness,unhasty,,,,,wistfully,
vindictive,unhurrie,,,,,wistfulness,
virulent,uniform,,,,,withdraw,
vitriolic,unmove,,,,,woe,
warpath,unperturbed,,,,,woeful,
wrangle,unruffle,,,,,woefully,
wrath,unruffled,,,,,woefulness,
wrathful,unrushe,,,,,wretche,
wrathfulness,unshakeable,,,,,wretchedness,
wrathiness,unshaken,,,,,yearn,
yell,unstrain,,,,,,
,unswaye,,,,,,
,untroubled,,,,,,
,unwind,,,,,,
,unworried,,,,,,
,unwound,,,,,,
,whisper,,,,,,
